{
  "games": 100,
  "turn_rows": 4176,
  "avg_turns_per_game": 42.72,
  "win_rate_by_stage": {
    "early_20_plus": 0.25864332603938733,
    "mid_10_19": 0.28125,
    "late_5_9": 0.28541666666666665,
    "late_0_4": 0.3146997929606625
  },
  "event_counts": {
    "landing_purchase": 2536,
    "used_trick": 2117,
    "used_pair_move": 1099,
    "landing_special": 873,
    "landing_rent": 348,
    "landing_takeover": 34
  }
}