{
  "feature_names": [
    "turn_progress",
    "reverse_turn_index",
    "alive_players",
    "f_value",
    "own_cash",
    "own_tiles",
    "own_hand_coins",
    "own_shards",
    "own_laps_completed",
    "cash_margin_vs_best",
    "tiles_margin_vs_best",
    "hand_margin_vs_best",
    "shards_margin_vs_best",
    "laps_margin_vs_best",
    "laps_gained",
    "lap_reward_count",
    "used_trick",
    "used_pair_move",
    "landing_purchase",
    "landing_takeover",
    "landing_rent",
    "landing_special",
    "landing_bankrupt"
  ],
  "means": {
    "turn_progress": 0.5100045544133205,
    "reverse_turn_index": 24.61685823754789,
    "alive_players": 3.8752394636015324,
    "f_value": 4.8388409961685825,
    "own_cash": 16.608716475095786,
    "own_tiles": 2.1927681992337167,
    "own_hand_coins": 0.48946360153256707,
    "own_shards": 6.198754789272031,
    "own_laps_completed": 0.8647030651340997,
    "cash_margin_vs_best": -6.191331417624521,
    "tiles_margin_vs_best": -0.7248563218390804,
    "hand_margin_vs_best": -0.40948275862068967,
    "shards_margin_vs_best": -1.0474137931034482,
    "laps_margin_vs_best": -0.05723180076628352,
    "laps_gained": 0.14511494252873564,
    "lap_reward_count": 0.15541187739463602,
    "used_trick": 0.5069444444444444,
    "used_pair_move": 0.26317049808429116,
    "landing_purchase": 0.60727969348659,
    "landing_takeover": 0.008141762452107279,
    "landing_rent": 0.08333333333333333,
    "landing_special": 0.20905172413793102,
    "landing_bankrupt": 0.01221264367816092
  },
  "scales": {
    "turn_progress": 0.2895926759412429,
    "reverse_turn_index": 17.689064724257836,
    "alive_players": 0.338324613632736,
    "f_value": 4.1948055587675475,
    "own_cash": 10.100247553966913,
    "own_tiles": 1.6118738648635529,
    "own_hand_coins": 1.232495871161395,
    "own_shards": 2.619236672830645,
    "own_laps_completed": 0.9753373067924592,
    "cash_margin_vs_best": 13.065669368364528,
    "tiles_margin_vs_best": 1.798577284287678,
    "hand_margin_vs_best": 1.6417523230730495,
    "shards_margin_vs_best": 2.851052272172546,
    "laps_margin_vs_best": 0.4396864085223559,
    "laps_gained": 0.3522166889623905,
    "lap_reward_count": 0.3896830705728948,
    "used_trick": 0.4999517723654609,
    "used_pair_move": 0.4403541609004762,
    "landing_purchase": 0.4883554723410164,
    "landing_takeover": 0.08986364201544947,
    "landing_rent": 0.27638539919629324,
    "landing_special": 0.4066314065254705,
    "landing_bankrupt": 0.1098339428981334
  },
  "weights": {
    "turn_progress": 0.050255121592495094,
    "reverse_turn_index": -0.038741967938954944,
    "alive_players": -0.026708250711384832,
    "f_value": -0.028557464735758077,
    "own_cash": 0.1075995593598967,
    "own_tiles": 0.3970299964246617,
    "own_hand_coins": 0.04612827791973641,
    "own_shards": -0.007998087193198427,
    "own_laps_completed": -0.06563845538956298,
    "cash_margin_vs_best": 0.24212083888436917,
    "tiles_margin_vs_best": 0.6247832597325699,
    "hand_margin_vs_best": 0.045732942984487227,
    "shards_margin_vs_best": -0.039980229935262936,
    "laps_margin_vs_best": -0.03142440151807328,
    "laps_gained": 0.0022263579589298856,
    "lap_reward_count": -0.0013109646511624926,
    "used_trick": 0.0344989723638698,
    "used_pair_move": 0.038040710642196315,
    "landing_purchase": 0.0013545279216660966,
    "landing_takeover": -0.028672710947599604,
    "landing_rent": -0.043954042047382465,
    "landing_special": -0.06111661197334124,
    "landing_bankrupt": -0.03954211833379749
  },
  "bias": -1.0222574666151716,
  "train_rows": 4176
}